Match,Competition,Date,Position,Minutes played,Conceded goals,xCG,Shots against,Saves,Saves with reflexes,Exits,Long passes,Long passes accurate,Short passes,Short passes accurate,Goal kicks,Short goal kicks,Long goal kicks
Persija - Bali United 3:0,Indonesia. Liga 1,2025-05-10,GK,101,3,2.56,5,2,2,1,3,2,2,2,4,4,0
Bali United - PSIS Semarang 4:0,Indonesia. Liga 1,2025-05-01,GK,100,0,1.22,2,2,2,2,1,0,7,7,9,6,3
PSM - Bali United 0:1,Indonesia. Liga 1,2025-04-25,GK,106,0,0.46,4,4,4,7,5,3,3,3,15,7,8
Bali United - Dewa United 0:0,Indonesia. Liga 1,2025-04-10,GK,101,0,1.05,4,4,4,1,5,3,4,4,6,5,1
Bali United - PSBS Biak Numfor 0:2,Indonesia. Liga 1,2025-03-11,GK,97,2,2.46,8,6,2,2,5,2,10,10,2,1,1
Persis Solo - Bali United 2:2,Indonesia. Liga 1,2025-03-06,GK,104,2,1.83,5,3,0,2,5,2,2,2,10,7,3
Bali United - Persita 1:1,Indonesia. Liga 1,2025-03-02,GK,102,1,1.77,3,2,2,2,3,2,7,7,6,5,1
Barito Putera - Bali United 3:1,Indonesia. Liga 1,2025-02-24,GK,105,3,0.85,3,0,0,1,2,1,3,3,4,4,0
Bali United - Malut United FC 1:1,Indonesia. Liga 1,2025-02-17,GK,92,1,0.18,4,3,1,0,1,0,6,6,5,2,3
PSS Sleman - Bali United 1:2,Indonesia. Liga 1,2025-02-09,GK,101,1,0.77,2,1,0,1,5,1,1,1,13,4,9
Arema - Bali United 1:0,Indonesia. Liga 1,2025-02-03,GK,101,1,0.96,4,3,2,2,4,1,9,9,6,6,0
Bali United - Borneo FC 3:2,Indonesia. Liga 1,2025-01-28,GK,100,2,1.16,5,3,1,0,3,2,2,2,9,6,3
Semen Padang - Bali United 1:5,Indonesia. Liga 1,2025-01-20,GK,103,1,1.85,4,3,3,2,0,0,4,4,7,5,2
Bali United - Persik Kediri 1:3,Indonesia. Liga 1,2025-01-12,GK,103,3,2.16,6,3,3,0,3,1,8,8,10,9,1
Bali United - Persib 1:1,Indonesia. Liga 1,2025-01-07,GK,105,1,1.01,4,3,1,2,3,3,2,2,10,6,4
Bali United - Persebaya Surabaya 2:0,Indonesia. Liga 1,2024-12-28,GK,96,0,1.56,6,6,3,0,4,3,10,10,6,2,4
Madura United - Bali United 2:1,Indonesia. Liga 1,2024-12-20,GK,99,2,2.55,5,3,3,2,5,2,3,3,6,3,3
Bali United - Persija 3:1,Indonesia. Liga 1,2024-12-15,GK,110,1,0.77,1,0,0,4,6,4,2,2,8,3,5
PSIS Semarang - Bali United 2:1,Indonesia. Liga 1,2024-12-11,GK,103,2,2.01,4,2,2,5,1,1,5,5,6,3,3
Bali United - PSM 1:1,Indonesia. Liga 1,2024-12-07,GK,101,1,1.78,6,5,2,3,3,0,3,3,5,3,2
Dewa United - Bali United 1:0,Indonesia. Liga 1,2024-11-23,GK,99,1,0.88,3,2,2,2,2,1,6,6,9,7,2
PSBS Biak Numfor - Bali United 2:0,Indonesia. Liga 1,2024-11-03,GK,97,2,2.43,6,4,4,0,3,1,4,3,10,10,0
Bali United - Persis Solo 3:0,Indonesia. Liga 1,2024-10-27,GK,97,0,0.79,7,7,1,1,5,2,6,6,12,9,3
Persita - Bali United 0:1,Indonesia. Liga 1,2024-10-20,GK,101,0,0.26,1,1,1,1,0,0,7,7,10,8,2
Bali United - Barito Putera 3:2,Indonesia. Liga 1,2024-09-27,GK,108,2,1.08,4,2,2,1,1,1,5,5,14,10,4
Malut United FC - Bali United 1:4,Indonesia. Liga 1,2024-09-21,GK,107,1,1.67,6,5,2,1,5,3,5,5,2,2,0
Persik Kediri - Bali United 1:3,Indonesia. Liga 1,2024-08-11,GK,105,1,0.14,1,0,0,3,5,2,1,1,9,3,6
Bali United - Madura United 2:3,Indonesia. Piala Presiden,2024-07-24,GK,112,3,3.43,8,5,4,2,3,1,8,8,7,3,4
Bali United - Arema 0:1,Indonesia. Piala Presiden,2024-07-21,GK,104,1,1.36,4,3,2,2,8,5,7,7,6,5,1
Borneo FC - Bali United 4:2,Indonesia. Liga 1,2024-05-30,GK,105,4,4.27,8,4,3,1,6,6,10,10,2,2,0
Bali United - Borneo FC 0:0,Indonesia. Liga 1,2024-05-25,GK,112,0,0.05,1,1,1,2,5,3,2,2,10,5,5
Persib - Bali United 3:0,Indonesia. Liga 1,2024-05-18,GK,59,2,1.21,4,2,0,0,2,1,6,6,4,4,0
Bali United - Persib 1:1,Indonesia. Liga 1,2024-05-14,GK,113,1,2.89,6,5,5,1,2,1,9,9,7,3,4
Persebaya Surabaya - Bali United 0:2,Indonesia. Liga 1,2024-04-24,GK,98,0,0.04,2,2,1,2,1,0,6,5,5,3,2
Bali United - Bhayangkara F.C. 2:1,Indonesia. Liga 1,2024-04-20,GK,97,1,0.84,4,3,1,0,2,2,4,4,5,1,4
Persikabo 1973 - Bali United 3:2,Indonesia. Liga 1,2024-04-15,GK,99,3,1.66,4,1,1,1,4,4,8,8,6,6,0
Bali United - Persija 1:0,Indonesia. Liga 1,2024-03-30,GK,102,0,1.78,5,5,5,1,2,2,8,8,4,2,2
Rans Nusantara - Bali United 1:1,Indonesia. Liga 1,2024-03-17,GK,98,1,0.39,3,2,2,2,2,1,6,6,11,7,4
Bali United - PSIS Semarang 2:0,Indonesia. Liga 1,2024-03-08,GK,98,0,1.62,7,7,5,1,5,2,2,2,10,3,7
Barito Putera - Bali United 4:3,Indonesia. Liga 1,2024-03-04,GK,101,4,3.14,7,3,2,1,7,3,2,2,9,6,3
Bali United - Persis Solo 3:2,Indonesia. Liga 1,2024-02-29,GK,100,2,2.18,6,4,3,3,1,1,6,6,8,5,3
PSM - Bali United 0:0,Indonesia. Liga 1,2024-02-24,GK,98,0,0.47,4,4,0,2,2,1,5,5,13,10,3
Persik Kediri - Bali United 1:0,Indonesia. Liga 1,2024-02-05,GK,99,1,2.85,9,8,2,6,4,3,9,8,4,1,3
Ha Noi - Bali United 1:1 (P),World. Club Friendlies,2024-01-27,GK,47,0,0.59,3,3,2,3,4,3,1,1,2,0,2
Bali United - Persib 0:0,Indonesia. Liga 1,2023-12-18,GK,102,0,0.43,2,2,1,1,3,2,4,4,12,9,3
Dewa United - Bali United 1:1,Indonesia. Liga 1,2023-12-08,GK,95,1,1.5,7,6,1,2,4,1,5,5,7,7,0
Bali United - Arema 3:2,Indonesia. Liga 1,2023-12-04,GK,100,2,1.88,6,4,3,0,8,3,8,7,12,7,5
Bali United - Stallion 5:2,Asia. AFC Champions League Two,2023-11-29,GK,72,0,0.0,0,0,0,1,2,2,4,4,6,6,0
Madura United - Bali United 1:2,Indonesia. Liga 1,2023-11-23,GK,102,1,1.26,5,4,2,2,5,2,6,6,17,5,12
Bali United - Borneo FC 1:2,Indonesia. Liga 1,2023-11-12,GK,98,2,3.09,6,4,3,1,10,3,7,7,11,5,6
Bali United - Central Coast Mariners 1:2,Asia. AFC Champions League Two,2023-11-08,GK,101,2,1.15,2,0,0,2,2,0,5,5,5,5,0
PSS Sleman - Bali United 0:1,Indonesia. Liga 1,2023-11-03,GK,104,0,1.37,4,4,4,4,7,3,4,4,8,3,5
Bali United - Persita 3:0,Indonesia. Liga 1,2023-10-30,GK,98,0,1.12,4,4,3,1,5,2,8,8,8,5,3
Central Coast Mariners - Bali United 6:3,Asia. AFC Champions League Two,2023-10-26,GK,101,6,4.51,8,2,2,0,6,5,9,9,13,9,4
Bali United - Persebaya Surabaya 3:1,Indonesia. Liga 1,2023-10-20,GK,96,1,1.1,4,3,1,2,3,3,2,2,11,4,7
Bhayangkara F.C. - Bali United 1:2,Indonesia. Liga 1,2023-10-08,GK,99,1,0.99,3,2,1,1,6,4,10,10,11,4,7
Bali United - Terengganu 1:1,Asia. AFC Champions League Two,2023-10-04,GK,97,1,1.39,6,5,2,1,3,2,5,5,12,8,4
Bali United - Persikabo 1973 2:0,Indonesia. Liga 1,2023-09-29,GK,101,0,0.09,5,5,0,2,3,2,6,6,7,7,0
Persija - Bali United 1:1,Indonesia. Liga 1,2023-09-24,GK,98,1,0.68,7,6,1,1,4,1,2,2,15,5,10
Stallion - Bali United 2:5,Asia. AFC Champions League Two,2023-09-20,GK,100,2,2.42,7,5,2,3,6,3,6,6,15,11,4
Bali United - Rans Nusantara 1:2,Indonesia. Liga 1,2023-09-15,GK,99,2,2.84,9,7,5,2,2,1,7,7,4,2,2
PSIS Semarang - Bali United 2:1,Indonesia. Liga 1,2023-09-02,GK,97,2,0.39,5,3,0,2,5,3,8,7,7,5,2
Bali United - Barito Putera 2:1,Indonesia. Liga 1,2023-08-27,GK,99,1,2.89,7,6,4,6,4,1,8,8,7,2,5
Persis Solo - Bali United 3:1,Indonesia. Liga 1,2023-08-19,GK,100,3,1.74,4,1,0,3,4,3,2,2,7,1,6
Warriors - Bali United 5:1,Asia. AFC Champions League Elite,2023-08-16,GK,96,5,3.33,10,5,3,0,2,1,9,9,7,3,4
Bali United - PSM 3:2,Indonesia. Liga 1,2023-08-11,GK,102,2,1.87,6,4,3,2,1,1,7,7,10,6,4
Bali United - Persik Kediri 1:1,Indonesia. Liga 1,2023-08-07,GK,99,1,1.68,7,6,4,1,3,3,2,2,6,0,6
Persib - Bali United 0:0,Indonesia. Liga 1,2023-08-03,GK,98,0,0.7,3,3,1,0,4,2,6,6,11,7,4
Bali United - Dewa United 3:1,Indonesia. Liga 1,2023-07-29,GK,98,1,0.76,6,5,1,0,7,4,7,7,8,6,2
Arema - Bali United 1:3,Indonesia. Liga 1,2023-07-21,GK,96,1,1.18,8,7,4,2,4,3,8,8,5,3,2
Bali United - Madura United 2:1,Indonesia. Liga 1,2023-07-15,GK,102,1,1.2,4,3,2,1,4,3,8,8,6,0,6
Borneo FC - Bali United 3:1,Indonesia. Liga 1,2023-07-08,GK,99,2,1.83,5,3,2,1,10,6,3,2,6,0,6
Bali United - PSS Sleman 0:1,Indonesia. Liga 1,2023-07-01,GK,96,1,0.83,3,2,2,1,1,1,14,14,3,2,1
PSM - Bali United 1:1 (P),Indonesia. Liga 1,2023-06-10,GK,113,1,0.92,3,2,1,1,5,4,5,5,6,3,3
Bali United - PSM 1:1,Indonesia. Liga 1,2023-06-06,GK,100,1,0.4,3,2,1,3,1,0,9,9,10,6,4
Arema - Bhayangkara F.C. 0:3,Indonesia. Liga 1,2023-04-14,GK,95,3,1.77,8,5,4,1,5,3,20,19,14,13,1
Madura United - Arema 1:1,Indonesia. Liga 1,2023-04-07,GK,73,1,1.34,5,4,1,3,6,5,15,15,6,3,3
Persita - Arema 0:1,Indonesia. Liga 1,2023-04-01,GK,97,0,1.44,3,3,2,2,9,7,9,9,15,5,10
Arema - Bali United 1:3,Indonesia. Liga 1,2023-03-27,GK,99,3,1.77,5,2,2,0,8,6,9,9,15,9,6
Arema - Borneo FC 0:0,Indonesia. Liga 1,2023-03-24,GK,95,0,0.35,4,4,1,1,17,6,11,11,4,2,2
Arema - Persikabo 1973 3:1,Indonesia. Liga 1,2023-03-19,GK,96,1,0.91,2,1,1,2,4,3,7,6,6,2,4
Persis Solo - Arema 1:1,Indonesia. Liga 1,2023-03-15,GK,97,1,1.36,5,4,3,4,6,5,0,0,9,2,7
Arema - Dewa United 0:0,Indonesia. Liga 1,2023-03-10,GK,96,0,1.02,5,5,2,1,8,7,7,7,6,4,2
Arema - Persik Kediri 2:3,Indonesia. Liga 1,2023-02-28,GK,97,3,2.78,6,3,2,1,8,6,17,17,4,2,2
Arema - PSM 0:1,Indonesia. Liga 1,2023-02-04,GK,100,1,0.73,2,1,1,4,11,6,8,7,4,4,0
PSS Sleman - Arema 2:0,Indonesia. Liga 1,2023-01-26,GK,97,2,0.92,2,0,0,1,6,4,11,11,7,3,4
PSIS Semarang - Arema 1:0,Indonesia. Liga 1,2023-01-21,GK,97,1,0.18,3,2,2,3,5,3,13,13,8,5,3
Bhayangkara F.C. - Arema 1:0,Indonesia. Liga 1,2022-12-23,GK,98,1,1.27,4,3,1,1,8,4,18,18,7,4,3
Arema - Madura United 0:2,Indonesia. Liga 1,2022-12-20,GK,96,2,1.54,3,1,1,0,0,0,11,11,10,7,3
Arema - Persita 2:0,Indonesia. Liga 1,2022-12-17,GK,97,0,0.71,6,6,5,2,14,7,4,4,15,4,11
Persikabo 1973 - Arema 0:1,Indonesia. Liga 1,2022-12-14,GK,96,0,0.28,4,4,2,7,11,6,2,2,4,1,3
Arema - Persis Solo 2:1,Indonesia. Liga 1,2022-12-11,GK,100,1,1.99,8,7,2,3,9,8,7,7,14,4,10
Dewa United - Arema 0:2,Indonesia. Liga 1,2022-12-07,GK,96,0,0.89,2,2,1,1,8,4,11,11,5,1,4
Arema - Persebaya Surabaya 2:3,Indonesia. Liga 1,2022-10-01,GK,103,3,1.64,3,0,0,0,6,6,11,10,5,4,1
Persik Kediri - Arema 0:1,Indonesia. Liga 1,2022-09-17,GK,75,0,0.22,2,2,2,2,10,8,12,12,2,0,2
Barito Putera - Arema 1:1,Indonesia. Liga 1,2022-09-04,GK,99,1,0.45,4,3,1,2,11,10,18,18,3,2,1
Arema - Persija 0:1,Indonesia. Liga 1,2022-08-28,GK,98,1,0.54,3,2,1,3,16,12,7,7,2,1,1
Arema - Rans Nusantara 4:2,Indonesia. Liga 1,2022-08-24,GK,96,2,1.91,5,3,1,1,13,10,6,6,10,4,6
Bali United - Arema 1:2,Indonesia. Liga 1,2022-08-13,GK,97,1,0.96,2,1,0,0,1,1,2,2,11,1,10
Arema - PSS Sleman 0:0,Indonesia. Liga 1,2022-08-05,GK,97,0,0.17,2,2,0,1,7,7,11,11,4,2,2
Arema - PSIS Semarang 2:1,Indonesia. Liga 1,2022-07-30,GK,98,1,0.67,2,1,0,0,2,2,10,10,4,2,2
Borneo FC - Arema 3:0,Indonesia. Liga 1,2022-07-24,GK,95,3,1.77,6,3,2,0,4,2,14,14,6,3,3
Borneo FC - Arema 0:0,Indonesia. Piala Presiden,2022-07-17,GK,105,0,0.26,3,3,2,6,10,7,2,2,8,0,8
Arema - Borneo FC 1:0,Indonesia. Piala Presiden,2022-07-14,GK,98,0,0.4,1,1,0,1,3,3,1,0,8,1,7
Arema - PSIS Semarang 2:1,Indonesia. Piala Presiden,2022-07-11,GK,97,1,1.38,3,2,2,2,7,4,3,3,10,3,7
PSIS Semarang - Arema 0:2,Indonesia. Piala Presiden,2022-07-07,GK,97,0,1.82,5,5,3,3,12,10,3,3,12,0,12
Arema - Barito Putera (P) 0:0,Indonesia. Piala Presiden,2022-07-02,GK,101,0,0.21,2,2,0,1,3,2,11,11,7,6,1
Persikabo 1973 - Arema 0:1,Indonesia. Piala Presiden,2022-06-19,GK,98,0,0.36,1,1,0,0,3,1,7,7,7,3,4
Arema - PSM 0:1,Indonesia. Piala Presiden,2022-06-11,GK,105,1,1.19,4,3,2,1,3,0,11,10,8,2,6
Arema - PSM 1:0,Indonesia. Liga 1,2022-03-30,GK,95,0,0.19,3,3,1,1,3,2,3,3,10,7,3
Persikabo 1973 - Arema 1:3,Indonesia. Liga 1,2022-03-24,GK,96,1,1.57,7,6,3,0,12,7,7,7,7,7,0
Arema - Borneo FC 2:2,Indonesia. Liga 1,2022-03-20,GK,94,2,1.86,5,3,1,2,10,7,9,9,3,1,2
Bali United - Arema 2:1,Indonesia. Liga 1,2022-03-15,GK,98,2,2.54,10,8,7,1,5,1,3,3,9,2,7
Arema - Persib 1:2,Indonesia. Liga 1,2022-03-09,GK,95,2,1.94,3,1,0,3,4,3,5,5,6,1,5
Barito Putera - Arema 1:2,Indonesia. Liga 1,2022-03-05,GK,97,1,1.03,6,5,4,2,9,5,1,1,13,2,11
Arema - Persik Kediri 0:1,Indonesia. Liga 1,2022-02-27,GK,98,1,0.55,2,1,1,1,11,7,9,8,9,3,6
Persebaya Surabaya - Arema 1:0,Indonesia. Liga 1,2022-02-23,GK,97,1,1.26,3,2,0,0,10,7,3,2,5,1,4
Arema - Madura United 1:0,Indonesia. Liga 1,2022-02-18,GK,98,0,0.83,4,4,1,4,4,3,2,2,6,2,4
Persita - Arema 0:2,Indonesia. Liga 1,2022-02-15,GK,96,0,1.87,6,6,5,1,7,6,7,7,10,5,5
Persela - Arema 0:1,Indonesia. Liga 1,2022-02-01,GK,34,0,0.02,1,1,0,0,3,3,1,1,1,1,0
Arema - Persipura 1:0,Indonesia. Liga 1,2022-01-28,GK,98,0,0.15,2,2,0,4,13,10,2,2,10,0,10
Bhayangkara F.C. - Arema 0:1,Indonesia. Liga 1,2022-01-09,GK,96,0,0.29,2,2,0,1,10,8,6,6,9,2,7
Arema - Persikabo 1973 0:0,Indonesia. Liga 1,2022-01-05,GK,93,0,0.02,1,1,0,0,7,3,3,3,10,3,7
Borneo FC - Arema 1:2,Indonesia. Liga 1,2021-12-10,GK,95,1,1.38,4,3,2,4,3,3,5,5,5,0,5
Arema - Bali United 0:0,Indonesia. Liga 1,2021-12-05,GK,95,0,0.0,0,0,0,0,4,4,11,10,7,1,6
Persib - Arema 0:1,Indonesia. Liga 1,2021-11-28,GK,95,0,1.48,6,6,3,6,8,6,2,2,9,0,9
Arema - Barito Putera 2:1,Indonesia. Liga 1,2021-11-23,GK,96,1,0.38,1,0,0,3,10,7,9,9,6,2,4
Persik Kediri - Arema 2:3,Indonesia. Liga 1,2021-11-19,GK,98,2,2.83,8,6,1,4,11,8,2,2,7,1,6
Arema - Persebaya Surabaya 2:2,Indonesia. Liga 1,2021-11-06,GK,96,2,0.67,4,2,1,3,7,4,1,1,7,1,6
Madura United - Arema 1:2,Indonesia. Liga 1,2021-11-01,GK,94,1,0.83,4,3,2,1,5,3,10,10,10,2,8
Arema - Persita 2:2,Indonesia. Liga 1,2021-10-27,GK,102,2,1.22,5,3,2,1,6,5,4,4,6,3,3
Persiraja Banda Aceh - Arema 0:2,Indonesia. Liga 1,2021-10-23,GK,97,0,0.42,1,1,1,2,7,6,14,14,7,3,4
Persija - Arema 0:1,Indonesia. Liga 1,2021-10-17,GK,100,0,0.78,3,3,2,0,7,5,8,8,8,2,6
Arema - Persela 3:0,Indonesia. Liga 1,2021-10-03,GK,94,0,1.37,2,2,1,2,7,6,3,3,8,1,7
Persipura - Arema 0:1,Indonesia. Liga 1,2021-09-29,GK,100,0,0.47,2,2,1,3,8,4,8,8,3,1,2
Arema - PSIS Semarang 0:0,Indonesia. Liga 1,2021-09-25,GK,96,0,0.08,2,2,0,1,2,2,8,8,8,6,2
PSS Sleman - Arema 2:1,Indonesia. Liga 1,2021-09-19,GK,98,2,1.47,3,1,0,3,3,3,14,14,7,6,1
Arema - Bhayangkara F.C. 1:1,Indonesia. Liga 1,2021-09-12,GK,97,1,0.51,2,1,0,2,5,2,11,10,6,0,6
PSM - Arema 1:1,Indonesia. Liga 1,2021-09-05,GK,96,1,1.19,5,4,2,0,8,7,2,2,7,1,6
Vizela - Vilafranquense 5:2,Portugal. Segunda Liga,2021-05-22,GK,96,5,2.45,11,6,4,2,3,2,8,8,8,3,5
Académica - Vilafranquense 2:2,Portugal. Segunda Liga,2021-05-19,GK,103,2,1.53,5,3,0,1,9,6,5,5,9,1,8
Academico Viseu - Vilafranquense 1:2,Portugal. Segunda Liga,2021-05-10,GK,98,1,1.65,5,4,2,2,7,7,8,8,7,6,1
Vilafranquense - Varzim 1:3,Portugal. Segunda Liga,2021-05-03,GK,101,3,3.7,9,6,6,4,4,2,9,9,6,3,3
Arouca - Vilafranquense 3:0,Portugal. Segunda Liga,2021-04-25,GK,99,3,3.83,7,4,3,0,12,9,9,9,7,2,5
Vilafranquense - Leixões 0:2,Portugal. Segunda Liga,2021-04-16,GK,95,2,1.61,5,3,0,2,3,2,11,11,13,7,6
Estoril - Vilafranquense 3:1,Portugal. Segunda Liga,2021-04-11,GK,98,3,1.93,8,5,2,0,7,5,5,5,13,6,7
Vilafranquense - Mafra 2:1,Portugal. Segunda Liga,2021-04-04,GK,98,1,0.48,3,2,0,4,9,5,6,6,18,3,15
Vilafranquense - Chaves 0:1,Portugal. Segunda Liga,2021-03-23,GK,50,1,0.34,2,1,1,2,1,1,1,1,4,1,3
Vilafranquense - Vizela 1:1,Portugal. Segunda Liga,2021-01-26,GK,35,0,0.05,1,1,0,1,5,4,6,5,2,0,2
Vilafranquense - Estoril 0:1,Portugal. Segunda Liga,2020-12-06,GK,101,1,1.87,4,3,3,1,4,4,8,8,14,6,8
Mafra - Vilafranquense 0:1,Portugal. Segunda Liga,2020-11-30,GK,100,0,0.1,1,1,1,2,7,4,9,8,16,3,13
Vilafranquense - Académica 0:0,Portugal. Segunda Liga,2020-11-08,GK,93,0,0.0,0,0,0,2,10,4,10,10,9,5,4
Chaves - Vilafranquense 0:0,Portugal. Segunda Liga,2020-10-31,GK,100,0,0.18,1,1,0,4,9,4,10,10,19,7,12
Vilafranquense - Casa Pia 2:2,Portugal. Segunda Liga,2020-10-24,GK,98,2,2.07,5,3,1,3,14,12,17,17,11,6,5
Sporting Covilhã - Vilafranquense 2:2,Portugal. Segunda Liga,2020-10-18,GK,95,2,1.86,4,2,0,2,16,8,9,9,5,3,2
Porto II - Vilafranquense 2:1,Portugal. Segunda Liga,2020-10-04,GK,97,2,1.43,9,7,3,1,7,6,4,3,7,1,6
Vilafranquense - UD Oliveirense 0:0,Portugal. Segunda Liga,2020-09-27,GK,96,0,0.04,1,1,0,1,14,7,6,6,10,2,8
Penafiel - Vilafranquense 1:2,Portugal. Segunda Liga,2020-09-23,GK,99,1,0.76,4,3,1,1,17,9,1,1,12,1,11
Benfica II - Vilafranquense 4:0,Portugal. Segunda Liga,2020-02-02,GK,96,4,2.41,4,0,0,1,5,3,20,20,6,4,2
Vilafranquense - Feirense 1:1,Portugal. Segunda Liga,2020-01-26,GK,95,1,1.02,4,3,1,2,5,4,5,5,8,2,6
Vilafranquense - Penafiel 1:1,Portugal. Segunda Liga,2020-01-19,GK,95,1,0.81,1,0,0,1,5,3,10,9,9,7,2
Mafra - Vilafranquense 1:1,Portugal. Segunda Liga,2020-01-12,GK,98,1,0.44,3,2,2,3,5,3,5,4,6,3,3
Vilafranquense - Varzim 0:3,Portugal. Segunda Liga,2020-01-05,GK,96,3,1.77,5,2,1,1,2,1,5,5,3,1,2
Chaves - Vilafranquense 2:1,Portugal. Segunda Liga,2019-12-29,GK,95,2,1.84,5,3,1,3,5,2,7,7,5,4,1
Vilafranquense - Leixões 1:1,Portugal. Segunda Liga,2019-12-14,GK,96,1,1.73,3,2,1,0,8,5,6,6,5,3,2
Cova da Piedade - Vilafranquense 0:0,Portugal. Segunda Liga,2019-12-07,GK,95,0,0.33,2,2,1,1,4,3,5,5,11,6,5
Vilafranquense - Académica 3:2,Portugal. Segunda Liga,2019-11-30,GK,97,2,2.07,7,5,4,2,7,4,7,7,14,3,11
Academico Viseu - Vilafranquense 0:2,Portugal. Segunda Liga,2019-11-10,GK,94,0,0.05,1,1,1,2,5,0,8,8,8,4,4
Casa Pia - Vilafranquense 3:2,Portugal. Segunda Liga,2019-11-02,GK,94,3,2.96,7,4,4,0,9,5,8,8,6,0,6
Porto II - Vilafranquense 1:1,Portugal. Segunda Liga,2019-10-26,GK,98,1,0.59,4,3,1,1,8,3,6,6,14,5,9
Vilafranquense - UD Oliveirense 3:2,Portugal. Segunda Liga,2019-10-13,GK,103,2,1.7,4,2,1,2,11,5,5,5,3,1,2
Casa Pia - Pinhalnovense 3:0,Portugal. Campeonato de Portugal,2018-03-31,GK,88,3,1.14,5,2,0,4,7,5,10,10,3,0,3
Moura - Pinhalnovense 2:1,Portugal. Campeonato de Portugal,2018-03-11,GK,93,2,0.99,4,2,1,0,7,4,2,2,7,3,4
Farense - Pinhalnovense 1:1,Portugal. Campeonato de Portugal,2018-01-28,GK,101,1,1.21,4,3,3,6,12,4,2,2,18,0,18
Oriental Lisboa - Pinhalnovense 1:0,Portugal. Campeonato de Portugal,2018-01-14,GK,96,1,1.43,6,5,1,2,7,6,5,4,16,3,13
Estrela Vendas Novas - Pinhalnovense 0:5,Portugal. Campeonato de Portugal,2017-12-10,GK,89,0,0.1,3,3,0,4,5,2,19,19,5,5,0
Casa Pia - Pinhalnovense 2:0,Portugal. Taça de Portugal,2017-09-03,GK,95,2,0.96,5,3,0,3,7,4,9,9,10,1,9
Mogi Mirim - Joinville 1:1,Brazil. Serie C,2017-07-11,GK,93,1,0.87,3,2,1,1,4,3,0,0,9,0,9
Santos - Gama 3:0,Brazil. Copa do Brasil,2016-07-28,GK,95,3,3.6,10,7,2,0,8,5,4,3,10,5,5
Gama - Santos 0:0,Brazil. Copa do Brasil,2016-07-21,GK,97,0,1.82,7,7,5,0,11,7,2,2,11,0,11
